二人以上の世帯_支出金額[円],,,,,,,,1,2,3,4,5
,,,,,,,,2015年,2016年,2017年,2018年,2019年
表側連番,階層,大分類,中分類,小分類,中間計,符号,品目分類,(平成27年),(平成28年),(平成29年),(平成30年),(令和元年)
1,-,-,-,-,-,-,世帯数分布(抽出率調整),10000,10000,10000,10000,10000
2,-,-,-,-,-,-,集計世帯数,7772,7711,7708,7638,7522
3,-,-,-,-,-,-,世帯人員(人),3.02,2.99,2.98,2.98,2.97
4,-,-,-,-,-,-,18歳未満人員(人),0.57,0.56,0.55,0.56,0.58
5,-,-,-,-,-,-,65歳以上人員(人),0.82,0.84,0.86,0.83,0.82
6,-,-,-,-,-,-,うち無職者人員(人),0.64,0.66,0.68,0.66,0.66
7,-,-,-,-,-,-,有業人員(人),1.35,1.34,1.32,1.35,1.34
8,-,-,-,-,-,-,世帯主の年齢(歳),58.8,59.2,59.6,59.3,59.4
9,-,-,-,-,-,-,持家率(％),83.7,84.9,86.1,84.6,85.1
10,-,-,-,-,-,-,家賃・地代を支払っている世帯の割合(％),15.2,14.3,13.1,14.3,13.8
11,1,-,-,-,-,-,消費支出,3448482,3386257,3396330,3447782,3520547
12,2,1,-,-,-,-,食料,937712,947618,946438,952170,965536
13,3,1,1,-,-,-,穀類,76650,76988,76520,77498,78421
14,4,1,1,1,-,102,米,22981,23522,23681,24314,23212
15,4,1,1,2,-,-,パン,30507,30294,29957,30554,32164
16,5,1,1,2,-,120,食パン,9023,8904,9131,9341,9912
17,5,1,1,2,-,129,他のパン,21484,21390,20826,21213,22252
18,4,1,1,3,-,-,麺類,17747,17606,17300,17368,17713
19,5,1,1,3,-,130,生うどん・そば,3455,3410,3368,3313,3284
20,5,1,1,3,-,131,乾うどん・そば,2610,2462,2395,2256,2124
21,5,1,1,3,-,134,スパゲッティ,1234,1202,1146,1166,1170
22,5,1,1,3,-,133,中華麺,4038,3926,3846,3917,3904
23,5,1,1,3,-,135,カップ麺,3745,4061,4077,4282,4727
24,5,1,1,3,-,132,即席麺,1910,1820,1781,1765,1842
25,5,1,1,3,-,139,他の麺類,756,724,686,669,662
26,4,1,1,4,-,-,他の穀類,5414,5566,5583,5261,5332
27,5,1,1,4,-,140,小麦粉,709,652,628,596,602
28,5,1,1,4,-,150,もち,1911,1858,1855,1699,1726
29,5,1,1,4,-,160,他の穀類のその他,2794,3055,3100,2966,3004
30,3,1,2,-,-,-,魚介類,81337,79737,77297,74006,73862
31,4,1,2,1,-,-,生鮮魚介,46454,45820,43649,41499,41387
32,5,1,2,1,170-189,-,鮮魚,42654,42150,40133,38160,38031
33,6,1,2,1,170-189,170,まぐろ,5661,5725,5499,5204,5209
34,6,1,2,1,170-189,172,あじ,1310,1374,1304,1141,1072
35,6,1,2,1,170-189,173,いわし,657,643,614,548,463
36,6,1,2,1,170-189,174,かつお,1613,1620,1396,1408,1442
37,6,1,2,1,170-189,175,かれい,1186,1145,1104,965,916
38,6,1,2,1,170-189,176,さけ,4536,4664,4490,4705,4818
39,6,1,2,1,170-189,177,さば,1104,964,943,978,928
40,6,1,2,1,170-189,178,さんま,1221,1072,880,1110,732
41,6,1,2,1,170-189,180,たい,1132,1178,1098,887,843
42,6,1,2,1,170-189,181,ぶり,3285,3158,3190,2888,2789
43,6,1,2,1,170-189,182,いか,2338,2075,1867,1770,1747
44,6,1,2,1,170-189,183,たこ,1369,1408,1424,1217,1256
45,6,1,2,1,170-189,185,えび,3177,3112,3016,2835,2857
46,6,1,2,1,170-189,186,かに,1908,1718,1738,1407,1569
47,6,1,2,1,170-189,189,他の鮮魚,7106,7168,6724,6563,6660
48,6,1,2,1,170-189,187,さしみ盛合わせ,5052,5127,4845,4534,4731
49,5,1,2,1,190-194,-,貝類,3800,3671,3516,3339,3357
50,6,1,2,1,190-194,190,あさり,934,915,888,735,754
51,6,1,2,1,190-194,192,しじみ,426,408,396,397,398
52,6,1,2,1,190-194,191,かき(貝),945,964,955,875,775
53,6,1,2,1,190-194,194,ほたて貝,1044,945,818,942,1027
54,6,1,2,1,190-194,193,他の貝,451,438,460,390,403
55,4,1,2,2,-,-,塩干魚介,14990,14554,14351,13676,13365
56,5,1,2,2,-,195,塩さけ,2347,2219,2252,2154,2183
57,5,1,2,2,-,196,たらこ,2486,2287,2256,2125,2062
58,5,1,2,2,-,197,しらす干し,1520,1555,1575,1487,1624
59,5,1,2,2,-,198,干しあじ,875,894,815,724,623
60,5,1,2,2,-,202,他の塩干魚介,7762,7598,7453,7187,6874
61,4,1,2,3,-,-,魚肉練製品,9030,8736,8650,8233,8381
62,5,1,2,3,-,203,揚げかまぼこ,2569,2407,2374,2184,2189
63,5,1,2,3,-,204,ちくわ,1778,1743,1694,1642,1629
64,5,1,2,3,-,205,かまぼこ,3152,3057,3053,2972,3116
65,5,1,2,3,-,209,他の魚肉練製品,1531,1529,1529,1436,1447
66,4,1,2,4,-,-,他の魚介加工品,10862,10628,10647,10598,10729
67,5,1,2,4,-,210,かつお節・削り節,1039,893,863,877,862
68,5,1,2,4,-,213,魚介の漬物,3223,3121,3207,3002,2839
69,5,1,2,4,-,215,魚介のつくだ煮,1278,1284,1158,1012,996
70,5,1,2,4,-,216,魚介の缶詰,2529,2484,2593,2891,3013
71,5,1,2,4,-,217,他の魚介加工品のその他,2794,2845,2826,2815,3018
72,3,1,3,-,-,-,肉類,89367,89539,90795,90950,89365
73,4,1,3,1,-,-,生鮮肉,71000,71534,72902,73519,71535
74,5,1,3,1,-,220,牛肉,21125,21837,21961,21871,21178
75,5,1,3,1,-,221,豚肉,29713,29463,30028,30592,29638
76,5,1,3,1,-,222,鶏肉,15307,15290,15816,15879,15587
77,5,1,3,1,-,22X,合いびき肉,2430,2486,2583,2566,2612
78,5,1,3,1,-,224,他の生鮮肉,2425,2458,2513,2610,2520
79,4,1,3,2,-,-,加工肉,18367,18005,17893,17431,17830
80,5,1,3,2,-,225,ハム,5807,5504,5333,4979,5092
81,5,1,3,2,-,226,ソーセージ,7457,7389,7434,7344,7360
82,5,1,3,2,-,227,ベーコン,2656,2600,2601,2574,2583
83,5,1,3,2,-,229,他の加工肉,2447,2513,2525,2533,2795
84,3,1,4,-,-,-,乳卵類,43744,45857,45847,45696,46006
85,4,1,4,1,-,230,牛乳,15434,15519,15300,14950,15174
86,4,1,4,2,-,-,乳製品,19163,20918,21096,21309,21659
87,5,1,4,2,-,231,粉ミルク,607,738,685,648,795
88,5,1,4,2,-,232,ヨーグルト,12135,13495,13391,13203,13157
89,5,1,4,2,-,233,バター,960,981,1031,1067,1123
90,5,1,4,2,-,234,チーズ,4937,5193,5493,5887,6044
91,5,1,4,2,-,235,他の乳製品,525,511,495,504,541
92,4,1,4,3,-,238,卵,9146,9419,9451,9437,9172
93,3,1,5,-,-,-,野菜・海藻,107515,109100,107392,108540,103533
94,4,1,5,1,-,-,生鮮野菜,71816,72877,71254,72285,67901
95,5,1,5,1,240-249,-,葉茎菜,22547,22940,22564,23117,20749
96,6,1,5,1,240-249,240,キャベツ,3154,3027,3010,3202,2638
97,6,1,5,1,240-249,241,ほうれんそう,2254,2228,2080,2223,1907
98,6,1,5,1,240-249,242,はくさい,1290,1445,1505,1547,1143
99,6,1,5,1,240-249,243,ねぎ,3061,3196,3235,3232,2980
100,6,1,5,1,240-249,244,レタス,2771,2764,2570,2566,2413
101,6,1,5,1,240-249,247,ブロッコリー,2054,2104,2220,2270,2337
102,6,1,5,1,240-249,245,もやし,1033,1019,1024,1062,954
103,6,1,5,1,240-249,249,他の葉茎菜,6930,7157,6920,7014,6377
104,5,1,5,1,"250-259,25X",-,根菜,19098,19619,18621,18163,16978
105,6,1,5,1,"250-259,25X",250,さつまいも,1080,1054,1037,994,1025
106,6,1,5,1,"250-259,25X",251,じゃがいも,2713,2864,2753,2287,2258
107,6,1,5,1,"250-259,25X",252,さといも,954,897,866,799,775
108,6,1,5,1,"250-259,25X",253,だいこん,1863,1887,1884,1892,1537
109,6,1,5,1,"250-259,25X",254,にんじん,2485,2704,2436,2614,2169
110,6,1,5,1,"250-259,25X",255,ごぼう,1147,1138,1133,1095,1009
111,6,1,5,1,"250-259,25X",256,たまねぎ,3510,3491,3154,3277,3217
112,6,1,5,1,"250-259,25X",258,れんこん,1027,1098,1105,1079,964
113,6,1,5,1,"250-259,25X",25X,たけのこ,824,798,743,698,721
114,6,1,5,1,"250-259,25X",259,他の根菜,3496,3688,3511,3428,3303
115,5,1,5,1,"260-269,26B,26X",-,他の野菜,30170,30318,30069,31006,30175
116,6,1,5,1,"260-269,26B,26X",260,さやまめ,2301,2055,2117,2036,1981
117,6,1,5,1,"260-269,26B,26X",261,かぼちゃ,1604,1591,1576,1527,1533
118,6,1,5,1,"260-269,26B,26X",262,きゅうり,3439,3383,3250,3403,3255
119,6,1,5,1,"260-269,26B,26X",263,なす,1969,2012,1955,2023,1934
120,6,1,5,1,"260-269,26B,26X",264,トマト,7934,8068,8008,8134,7901
121,6,1,5,1,"260-269,26B,26X",265,ピーマン,2071,2092,2139,2230,2151
122,6,1,5,1,"260-269,26B,26X",266,生しいたけ,2030,2017,2002,1976,1908
123,6,1,5,1,"260-269,26B,26X",26B,しめじ,1822,1773,1780,1844,1747
124,6,1,5,1,"260-269,26B,26X",26X,えのきたけ,1326,1315,1278,1283,1169
125,6,1,5,1,"260-269,26B,26X",267,他のきのこ,2152,2201,2216,2440,2470
126,6,1,5,1,"260-269,26B,26X",269,他の野菜のその他,3522,3813,3747,4111,4126
127,4,1,5,2,-,-,乾物・海藻,9050,9268,9178,9271,9147
128,5,1,5,2,-,273,豆類,511,523,478,460,449
129,5,1,5,2,-,274,干ししいたけ,500,463,457,436,387
130,5,1,5,2,-,276,干しのり,2599,2650,2738,2887,2930
131,5,1,5,2,-,277,わかめ,1414,1584,1603,1580,1583
132,5,1,5,2,-,278,こんぶ,1052,980,926,934,888
133,5,1,5,2,-,279,他の乾物・海藻,2975,3068,2977,2974,2910
134,4,1,5,3,-,-,大豆加工品,13304,13419,13291,13358,13191
135,5,1,5,3,-,280,豆腐,5662,5667,5479,5351,5118
136,5,1,5,3,-,281,油揚げ・がんもどき,3233,3136,3057,2944,2881
137,5,1,5,3,-,282,納豆,3640,3835,3949,4232,4238
138,5,1,5,3,-,289,他の大豆製品,770,781,806,831,954
139,4,1,5,4,-,-,他の野菜・海藻加工品,13345,13536,13669,13626,13294
140,5,1,5,4,-,290,こんにゃく,1992,1983,1978,1858,1770
141,5,1,5,4,-,291,梅干し,1237,1347,1386,1525,1474
142,5,1,5,4,-,292,だいこん漬,1028,1058,1120,1050,998
143,5,1,5,4,-,293,はくさい漬,537,540,558,554,506
144,5,1,5,4,-,294,他の野菜の漬物,5079,5048,5082,5122,4991
145,5,1,5,4,-,295,こんぶつくだ煮,1276,1261,1259,1205,1119
146,5,1,5,4,-,296,他の野菜・海藻のつくだ煮,492,497,449,393,417
147,5,1,5,4,-,299,他の野菜・海藻加工品のその他,1704,1803,1838,1919,2017
148,3,1,6,-,-,-,果物,38919,39697,39119,38285,39032
149,4,1,6,1,-,-,生鮮果物,36141,36845,36052,35061,35742
150,5,1,6,1,-,300,りんご,5578,5346,5117,4638,4650
151,5,1,6,1,-,301,みかん,4357,4531,4501,4323,4239
152,5,1,6,1,-,314,グレープフルーツ,406,330,283,240,217
153,5,1,6,1,-,315,オレンジ,545,698,631,612,597
154,5,1,6,1,-,304,他の柑きつ類,2169,2208,2351,2117,2072
155,5,1,6,1,-,305,梨,1801,1870,1817,1673,1750
156,5,1,6,1,-,306,ぶどう,2560,2593,2664,2724,2874
157,5,1,6,1,-,307,柿,1099,1158,1068,1010,1021
158,5,1,6,1,-,308,桃,1191,1219,1166,1005,1034
159,5,1,6,1,-,309,すいか,1348,1396,1342,1350,1301
160,5,1,6,1,-,310,メロン,1092,1173,1104,995,966
161,5,1,6,1,-,311,いちご,3353,3215,3237,3264,3421
162,5,1,6,1,-,312,バナナ,4853,4963,4745,4824,4977
163,5,1,6,1,-,316,キウイフルーツ,1523,1629,1642,1906,2085
164,5,1,6,1,-,313,他の果物,4264,4515,4384,4379,4536
165,4,1,6,2,-,319,果物加工品,2778,2852,3066,3224,3290
166,3,1,7,-,-,-,油脂・調味料,42507,42880,43170,43444,43649
167,4,1,7,1,-,-,油脂,4990,4631,4593,4530,4725
168,5,1,7,1,-,320,食用油,4193,3930,3910,3849,4054
169,5,1,7,1,-,321,マーガリン,797,701,684,681,672
170,4,1,7,2,-,-,調味料,37517,38249,38577,38914,38923
171,5,1,7,2,-,322,食塩,504,450,454,435,454
172,5,1,7,2,-,323,しょう油,1900,1882,1820,1751,1707
173,5,1,7,2,-,324,みそ,2297,2221,2295,2201,2200
174,5,1,7,2,-,325,砂糖,1283,1237,1212,1133,1094
175,5,1,7,2,-,327,酢,917,949,988,1027,951
176,5,1,7,2,-,328,ソース,724,737,739,747,738
177,5,1,7,2,-,329,ケチャップ,593,613,617,608,616
178,5,1,7,2,-,330,マヨネーズ・マヨネーズ風調味料,1237,1249,1248,1236,1261
179,5,1,7,2,-,332,ドレッシング,2256,2202,2258,2202,2174
180,5,1,7,2,-,331,ジャム,1275,1241,1289,1240,1279
181,5,1,7,2,-,333,カレールウ,1495,1517,1454,1450,1377
182,5,1,7,2,-,334,乾燥スープ,2896,3109,3250,3496,3498
183,5,1,7,2,-,335,風味調味料,2225,2394,2385,2334,2484
184,5,1,7,2,-,336,ふりかけ,1558,1611,1610,1652,1646
185,5,1,7,2,-,33X,つゆ・たれ,4592,4753,4760,4857,4876
186,5,1,7,2,-,339,他の調味料,11766,12082,12198,12546,12566
187,3,1,8,-,-,-,菓子類,83027,83472,83087,83916,87469
188,4,1,8,-,-,340,ようかん,795,760,687,671,674
189,4,1,8,-,-,341,まんじゅう,1413,1366,1183,1079,1092
190,4,1,8,-,-,342,他の和生菓子,9329,9440,9136,8518,8897
191,4,1,8,-,-,343,カステラ,915,921,858,822,810
192,4,1,8,-,-,344,ケーキ,6921,6916,6803,6704,6994
193,4,1,8,-,-,347,ゼリー,2072,2045,2010,2105,2292
194,4,1,8,-,-,348,プリン,1453,1480,1435,1465,1587
195,4,1,8,-,-,345,他の洋生菓子,7580,7533,7301,7513,7867
196,4,1,8,-,-,350,せんべい,5759,5825,5805,5757,5869
197,4,1,8,-,-,346,ビスケット,3647,3720,3742,3872,4121
198,4,1,8,-,-,357,スナック菓子,4513,4346,4399,4575,4851
199,4,1,8,-,-,349,キャンデー,2192,2110,2042,2164,2338
200,4,1,8,-,-,352,チョコレート,5502,5862,6406,6588,6783
201,4,1,8,-,-,353,チョコレート菓子,1524,1491,1437,1567,1726
202,4,1,8,-,-,356,アイスクリーム・シャーベット,8708,8908,9047,9670,9701
203,4,1,8,-,-,359,他の菓子,20704,20750,20795,20847,21867
204,3,1,9,-,-,-,調理食品,112625,118296,120000,122930,128386
205,4,1,9,1,-,-,主食的調理食品,46959,49476,49769,50926,53911
206,5,1,9,1,-,360,弁当,13985,14913,14371,14597,15351
207,5,1,9,1,-,36A,すし(弁当),12616,12914,12909,12963,13580
208,5,1,9,1,-,36B,おにぎり・その他,4298,4370,4276,4500,4876
209,5,1,9,1,-,361,調理パン,4852,5159,5332,5353,5580
210,5,1,9,1,-,363,他の主食的調理食品,11207,12120,12881,13512,14524
211,4,1,9,2,-,-,他の調理食品,65666,68820,70231,72004,74475
212,5,1,9,2,-,364,うなぎのかば焼き,2436,2619,2796,2266,2114
213,5,1,9,2,-,365,サラダ,4335,4534,4642,4973,5321
214,5,1,9,2,-,366,コロッケ,2000,1996,2004,1955,1939
215,5,1,9,2,-,367,カツレツ,1870,1862,1932,1971,1996
216,5,1,9,2,-,368,天ぷら・フライ,10157,10493,10803,10902,11315
217,5,1,9,2,-,369,しゅうまい,1005,1036,1057,1014,1033
218,5,1,9,2,-,371,ぎょうざ,2132,2194,2161,2087,2065
219,5,1,9,2,-,372,やきとり,2156,2248,2330,2388,2421
220,5,1,9,2,-,373,ハンバーグ,1098,1174,1233,1253,1341
221,5,1,9,2,-,370,冷凍調理食品,6671,7004,7426,7768,7817
222,5,1,9,2,-,375,そうざい材料セット,2726,3238,2964,3235,3193
223,5,1,9,2,-,376,他の調理食品のその他,29080,30423,30884,32193,33919
224,3,1,10,-,-,-,飲料,51096,53074,53589,55008,58174
225,4,1,10,1,-,-,茶類,12284,12887,12852,13253,13948
226,5,1,10,1,-,380,緑茶,4083,4168,4103,3879,3780
227,5,1,10,1,-,381,紅茶,734,736,728,720,786
228,5,1,10,1,-,383,他の茶葉,1322,1350,1389,1481,1537
229,5,1,10,1,-,38X,茶飲料,6146,6632,6631,7172,7845
230,4,1,10,2,-,-,コーヒー・ココア,11099,11275,11267,11129,11771
231,5,1,10,2,-,382,コーヒー,6266,6396,6389,6118,6378
232,5,1,10,2,-,384,コーヒー飲料,4452,4452,4426,4590,5001
233,5,1,10,2,-,386,ココア・ココア飲料,381,426,452,421,391
234,4,1,10,3,-,-,他の飲料,27712,28913,29470,30626,32455
235,5,1,10,3,-,385,果実・野菜ジュース,7947,7918,7822,7779,7861
236,5,1,10,3,-,387,炭酸飲料,4867,4962,5107,5456,5710
237,5,1,10,3,-,388,乳酸菌飲料,3703,4079,4129,3948,3992
238,5,1,10,3,-,38A,乳飲料,1593,1641,1764,1945,2363
239,5,1,10,3,-,38B,ミネラルウォーター,3012,3345,3351,3436,3574
240,5,1,10,3,-,38Y,スポーツドリンク,1416,1449,1332,1508,1452
241,5,1,10,3,-,389,他の飲料のその他,5175,5519,5966,6553,7503
242,3,1,11,-,-,-,酒類,41300,40909,40977,40329,40721
243,4,1,11,-,-,3X1,清酒,5938,5826,5682,5566,5419
244,4,1,11,-,-,3X3,焼酎,6698,6534,6373,6344,6002
245,4,1,11,-,-,3X4,ビール,11004,10697,11213,10809,10720
246,4,1,11,-,-,3X5,ウイスキー,1674,1525,1662,1695,1738
247,4,1,11,-,-,3X9,ワイン,3439,3333,3318,3305,3423
248,4,1,11,-,-,3X7,発泡酒・ビール風アルコール飲料,9320,9487,9065,8583,8814
249,4,1,11,-,-,3X8,チューハイ・カクテル,2185,2542,2724,3106,3548
250,4,1,11,-,-,3XX,他の酒,1043,966,940,921,1058
251,3,1,12,-,-,-,外食,169626,168067,168646,171571,176917
252,4,1,12,1,-,-,一般外食,159167,158011,158690,161488,166712
253,5,1,12,1,"390-396,399,39A,39B",-,食事代,133890,133728,134668,135866,138988
254,6,1,12,1,"390-396,399,39A,39B",390,日本そば・うどん,6086,5959,6016,6164,6554
255,6,1,12,1,"390-396,399,39A,39B",391,中華そば,5999,6149,5968,6576,7200
256,6,1,12,1,"390-396,399,39A,39B",392,他の麺類外食,2268,2345,2154,2283,2635
257,6,1,12,1,"390-396,399,39A,39B",393,すし(外食),14547,14855,14677,15091,14886
258,6,1,12,1,"390-396,399,39A,39B",394,和食,23345,23429,23433,22813,22897
259,6,1,12,1,"390-396,399,39A,39B",39A,中華食,4691,4826,4774,4889,4850
260,6,1,12,1,"390-396,399,39A,39B",395,洋食,12912,13342,13078,13424,12279
261,6,1,12,1,"390-396,399,39A,39B",399,焼肉,6087,6859,7078,7163,7004
262,6,1,12,1,"390-396,399,39A,39B",39B,ハンバーガー,3250,3583,3748,4099,4576
263,6,1,12,1,"390-396,399,39A,39B",396,他の主食的外食,54705,52382,53741,53365,56106
264,6,1,12,1,"390-396,399,39A,39B",397,喫茶代,5973,6453,6421,6761,7832
265,6,1,12,1,"390-396,399,39A,39B",398,飲酒代,19305,17830,17601,18861,19892
266,4,1,12,2,-,39X,学校給食,10459,10056,9955,10082,10205
267,2,2,-,-,-,-,住居,215278,200182,198771,203041,205235
268,3,2,1,-,-,-,家賃地代,106195,99841,93814,101818,97141
269,4,2,1,-,-,400,民営家賃,85971,82781,78213,79844,73911
270,4,2,1,-,-,403,公営家賃,8252,4943,4201,10290,12488
271,4,2,1,-,-,404,給与住宅家賃,7596,6722,6762,7002,7008
272,4,2,1,-,-,402,地代,3450,4428,3843,3586,2793
273,4,2,1,-,-,409,他の家賃地代,926,967,794,1096,941
274,3,2,2,-,-,-,設備修繕・維持,109082,100341,104957,101224,108093
275,4,2,2,1,-,-,設備材料,31564,34251,30975,31914,33123
276,5,2,2,1,-,410,設備器具,27309,30329,26806,27343,28047
277,5,2,2,1,-,419,修繕材料,4255,3922,4169,4570,5075
278,4,2,2,2,-,-,工事その他のサービス,77518,66090,73982,69310,74971
279,5,2,2,2,-,420,畳替え,1308,950,724,1225,749
280,5,2,2,2,-,424,給排水関係工事費,5872,8233,6705,6990,5236
281,5,2,2,2,-,425,外壁・塀等工事費,31864,24701,29418,30763,32740
282,5,2,2,2,-,426,植木・庭手入れ代,4015,4125,4456,3966,3573
283,5,2,2,2,-,427,他の工事費,21058,16595,19170,15294,19440
284,5,2,2,2,-,429,火災・地震保険料,13401,11486,13510,11071,13233
285,2,3,-,-,-,-,光熱・水道,278372,254127,258427,264237,263408
286,3,3,1,-,-,-,電気代,132715,121196,123739,129175,129905
287,4,3,1,-,-,43X,深夜電力電気代,3772,2891,2789,4095,5118
288,4,3,1,-,-,430,他の電気代,128943,118305,120949,125080,124787
289,3,3,2,-,-,-,ガス代,67918,58768,56698,57118,58230
290,4,3,2,-,-,431,都市ガス,43889,37290,35165,35879,36943
291,4,3,2,-,-,432,プロパンガス,24028,21478,21533,21239,21287
292,3,3,3,-,-,-,他の光熱,15082,12022,15607,16690,14749
293,4,3,3,-,-,433,灯油,14718,11607,15236,16250,14226
294,4,3,3,-,-,439,他の光熱のその他,364,415,371,441,523
295,3,3,4,-,-,440,上下水道料,62657,62141,62384,61253,60524
296,2,4,-,-,-,-,家具・家事用品,128729,127355,129948,133127,140598
297,3,4,1,-,-,-,家庭用耐久財,41199,40192,42277,45017,48512
298,4,4,1,1,-,-,家事用耐久財,20868,20235,22183,22917,25208
299,5,4,1,1,-,45X,電子レンジ,1348,1424,1304,1511,1447
300,5,4,1,1,-,451,炊事用電気器具,3477,3514,3578,3422,3445
301,5,4,1,1,-,452,炊事用ガス器具,930,993,795,609,810
302,5,4,1,1,-,453,電気冷蔵庫,5497,4937,5975,6078,7096
303,5,4,1,1,-,455,電気掃除機,2980,2778,2588,2715,2832
304,5,4,1,1,-,456,電気洗濯機,4447,4104,5301,5857,6703
305,5,4,1,1,-,459,他の家事用耐久財,2188,2485,2642,2725,2875
306,4,4,1,2,-,-,冷暖房用器具,13916,13923,13417,15871,16619
307,5,4,1,2,-,470,エアコンディショナ,9983,10108,9348,11492,12196
308,5,4,1,2,-,472,ストーブ・温風ヒーター,1229,1318,1459,1675,1537
309,5,4,1,2,-,479,他の冷暖房用器具,2705,2497,2610,2704,2886
310,4,4,1,3,-,-,一般家具,6414,6034,6676,6229,6685
311,5,4,1,3,-,480,たんす,722,550,429,424,597
312,5,4,1,3,-,481,食卓セット,1176,1113,1940,1292,1193
313,5,4,1,3,-,482,応接セット,2087,1910,2137,2137,2459
314,5,4,1,3,-,483,食器戸棚,573,613,306,398,708
315,5,4,1,3,-,489,他の家具,1857,1850,1864,1976,1728
316,3,4,2,-,-,-,室内装備・装飾品,9911,9115,8953,7649,7915
317,4,4,2,-,-,491,照明器具,1606,1478,1575,1355,1179
318,4,4,2,-,-,492,室内装飾品,2119,2045,1833,1304,1545
319,4,4,2,-,-,493,敷物,2116,1932,2168,1746,1763
320,4,4,2,-,-,496,カーテン,2084,1598,1457,1245,1384
321,4,4,2,-,-,499,他の室内装備品,1985,2061,1920,1998,2045
322,3,4,3,-,-,-,寝具類,9876,9329,9057,10027,9981
323,4,4,3,-,-,500,ベッド,1770,1447,1127,1426,1927
324,4,4,3,-,-,501,布団,3020,2874,2892,3302,2723
325,4,4,3,-,-,503,毛布,528,391,430,420,412
326,4,4,3,-,-,505,敷布,733,626,648,629,600
327,4,4,3,-,-,509,他の寝具類,3824,3991,3961,4250,4319
328,3,4,4,-,-,-,家事雑貨,26187,25498,26001,26314,27346
329,4,4,4,-,-,510,茶わん・皿・鉢,1415,1366,1360,1323,1327
330,4,4,4,-,-,514,他の食卓用品,3029,2987,2930,3031,3097
331,4,4,4,-,-,515,鍋・やかん,2074,2068,1883,1820,2052
332,4,4,4,-,-,517,他の台所用品,2852,2793,2769,2701,2769
333,4,4,4,-,-,518,電球・ランプ,1402,1244,1193,1096,1021
334,4,4,4,-,-,519,タオル,2098,2026,2085,2139,2180
335,4,4,4,-,-,529,他の家事雑貨,13317,13015,13780,14205,14901
336,3,4,5,-,-,-,家事用消耗品,31624,33192,33535,34266,36593
337,4,4,5,-,"531,532",-,ティッシュペーパー・トイレットペーパー,5542,5749,5720,5899,6447
338,5,4,5,-,"531,532",531,ティッシュペーパー,2101,2164,2152,2249,2501
339,5,4,5,-,"531,532",532,トイレットペーパー,3442,3585,3568,3650,3946
340,4,4,5,-,"533,534",-,洗剤,7447,7802,7754,7878,8331
341,5,4,5,-,"533,534",533,台所・住居用洗剤,2943,2975,3069,3071,3345
342,5,4,5,-,"533,534",534,洗濯用洗剤,4505,4827,4685,4807,4986
343,4,4,5,-,"530,535-539",-,他の家事用消耗品,18634,19642,20061,20490,21815
344,5,4,5,-,"530,535-539",530,ポリ袋・ラップ,3541,3631,3776,3828,4110
345,5,4,5,-,"530,535-539",535,殺虫・防虫剤,2351,2501,2421,2238,2321
346,5,4,5,-,"530,535-539",536,柔軟仕上剤,2340,2595,2599,2715,2745
347,5,4,5,-,"530,535-539",537,芳香・消臭剤,1655,1799,1880,1991,2171
348,5,4,5,-,"530,535-539",539,他の家事用消耗品のその他,8747,9115,9385,9717,10467
349,3,4,6,-,-,-,家事サービス,9932,10028,10125,9854,10250
350,4,4,6,-,-,540,家事代行料,963,1219,981,1057,1219
351,4,4,6,-,-,541,清掃代,4502,4410,4567,4357,4737
352,4,4,6,-,-,542,家具・家事用品関連サービス,4467,4399,4577,4440,4294
353,2,5,-,-,-,-,被服及び履物,144985,138068,137673,136613,135677
354,3,5,1,-,-,-,和服,2506,1770,2622,1891,1861
355,4,5,1,-,-,550,男子用和服,99,78,110,91,119
356,4,5,1,-,-,552,婦人用着物,1221,985,1228,837,1139
357,4,5,1,-,-,554,婦人用帯,517,282,908,522,223
358,4,5,1,-,-,557,他の婦人用和服,148,181,207,168,126
359,4,5,1,-,-,558,子供用和服,521,243,169,273,254
360,3,5,2,-,-,-,洋服,57095,54067,54118,55300,54973
361,4,5,2,1,-,-,男子用洋服,17082,16818,17249,17458,17377
362,5,5,2,1,-,560,背広服,4867,4743,5217,5161,4716
363,5,5,2,1,-,561,男子用上着,1696,1597,1573,1435,1701
364,5,5,2,1,-,562,男子用ズボン,3863,3829,3909,3704,3822
365,5,5,2,1,-,563,男子用コート,1241,1236,1276,1538,1338
366,5,5,2,1,-,565,男子用学校制服,1186,1096,1024,937,1116
367,5,5,2,1,-,569,他の男子用洋服,4229,4317,4251,4683,4684
368,4,5,2,2,-,-,婦人用洋服,32397,29844,29478,30603,30424
369,5,5,2,2,-,570,婦人服,7146,6291,5739,5913,5822
370,5,5,2,2,-,574,婦人用上着,2763,2168,2149,2109,2220
371,5,5,2,2,-,571,スカート,2143,1953,1991,2247,2350
372,5,5,2,2,-,572,婦人用スラックス,6595,6240,6524,6358,6191
373,5,5,2,2,-,573,婦人用コート,3494,3376,3361,3191,2819
374,5,5,2,2,-,575,女子用学校制服,1375,1074,1392,1450,1215
375,5,5,2,2,-,576,他の婦人用洋服,8882,8742,8323,9335,9806
376,4,5,2,3,-,-,子供用洋服,7616,7405,7391,7239,7173
377,5,5,2,3,-,580,子供服,6686,6481,6481,6367,6305
378,5,5,2,3,-,582,乳児服,930,924,910,872,868
379,3,5,3,-,-,-,シャツ・セーター類,30379,28859,28087,26951,26822
380,4,5,3,1,-,-,男子用シャツ・セーター類,9217,8902,8738,8265,8515
381,5,5,3,1,-,590,ワイシャツ,1793,1727,1697,1532,1515
382,5,5,3,1,-,591,他の男子用シャツ,5790,5586,5417,5345,5619
383,5,5,3,1,-,592,男子用セーター,1634,1589,1624,1389,1381
384,4,5,3,2,-,-,婦人用シャツ・セーター類,18728,17633,16972,16357,15997
385,5,5,3,2,-,593,ブラウス,3796,3576,3520,3566,3343
386,5,5,3,2,-,594,他の婦人用シャツ,8321,7957,7483,7456,7516
387,5,5,3,2,-,595,婦人用セーター,6611,6100,5968,5335,5138
388,4,5,3,3,-,-,子供用シャツ・セーター類,2434,2324,2377,2329,2310
389,5,5,3,3,-,596,子供用シャツ,2118,2042,2106,2016,2070
390,5,5,3,3,-,597,子供用セーター,316,281,271,312,240
391,3,5,4,-,-,-,下着類,12787,12809,12749,12770,12681
392,4,5,4,1,-,-,男子用下着類,4203,4279,4192,3981,3836
393,5,5,4,1,-,600,男子用下着,3259,3293,3245,3096,3008
394,5,5,4,1,-,602,男子用寝巻き,944,986,947,884,828
395,4,5,4,2,-,-,婦人用下着類,7063,6988,7048,7188,7251
396,5,5,4,2,-,610,婦人用ファンデーション,897,935,851,980,1062
397,5,5,4,2,-,612,他の婦人用下着,5140,4989,5118,5124,5211
398,5,5,4,2,-,614,婦人用寝巻き,1026,1064,1078,1084,977
399,4,5,4,3,-,-,子供用下着類,1521,1542,1510,1602,1594
400,5,5,4,3,-,620,子供用下着,967,982,945,1008,961
401,5,5,4,3,-,621,子供用寝巻き,553,560,565,594,634
402,3,5,5,-,-,-,生地・糸類,1554,1473,1588,1440,1411
403,4,5,5,-,-,631,着尺地・生地,814,723,802,748,704
404,4,5,5,-,-,640,他の生地・糸類,740,750,786,692,707
405,3,5,6,-,-,-,他の被服,11961,10865,11053,11103,10847
406,4,5,6,-,-,650,帽子,1662,1435,1453,1524,1484
407,4,5,6,-,-,651,ネクタイ,578,489,482,469,414
408,4,5,6,-,-,652,マフラー・スカーフ,1206,964,1130,1010,947
409,4,5,6,-,-,653,手袋,675,644,632,670,592
410,4,5,6,-,-,654,男子用靴下,1684,1630,1597,1552,1542
411,4,5,6,-,-,655,婦人用ストッキング,608,583,520,527,490
412,4,5,6,-,-,656,婦人用ソックス,1941,1803,1858,1805,1865
413,4,5,6,-,-,657,子供用靴下,652,599,610,570,603
414,4,5,6,-,-,659,他の被服のその他,2954,2717,2771,2975,2912
415,3,5,7,-,-,-,履物類,19857,19336,18902,18711,18711
416,4,5,7,-,-,675,運動靴,4413,4658,4791,4928,5274
417,4,5,7,-,-,679,サンダル,538,527,505,483,413
418,4,5,7,-,-,670,男子靴,4058,3997,3846,3943,3843
419,4,5,7,-,-,672,婦人靴,7797,7097,6871,6503,6241
420,4,5,7,-,-,676,子供靴,1028,1029,922,896,997
421,4,5,7,-,-,680,他の履物,2024,2028,1966,1959,1944
422,3,5,8,-,-,-,被服関連サービス,8846,8890,8554,8446,8369
423,4,5,8,-,-,691,洗濯代,6601,6615,6043,5904,5936
424,4,5,8,-,-,694,被服賃借料,1328,1404,1645,1597,1596
425,4,5,8,-,-,692,他の被服関連サービス,918,871,865,945,837
426,2,6,-,-,-,-,保健医療,153126,155705,155449,159937,168124
427,3,6,1,-,-,-,医薬品,28754,28828,29269,28606,31027
428,4,6,1,-,-,700,感冒薬,2007,2028,2088,2102,2190
429,4,6,1,-,-,701,胃腸薬,1145,1184,1160,1093,1164
430,4,6,1,-,-,702,栄養剤,3981,3663,3728,3625,3463
431,4,6,1,-,-,704,外傷・皮膚病薬,698,677,713,689,800
432,4,6,1,-,-,706,他の外用薬,3024,3182,3189,3203,3399
433,4,6,1,-,-,709,他の医薬品,17899,18094,18391,17895,20010
434,3,6,2,-,-,710,健康保持用摂取品,14182,15333,14950,14492,13335
435,3,6,3,-,-,-,保健医療用品・器具,25276,25553,26355,27206,30197
436,4,6,3,-,-,713,紙おむつ,3502,3422,3542,3425,3681
437,4,6,3,-,-,711,保健用消耗品,7644,7856,8043,8553,9406
438,4,6,3,-,-,712,眼鏡,5862,6361,6215,6190,6971
439,4,6,3,-,-,714,コンタクトレンズ,3411,3271,3638,4023,4488
440,4,6,3,-,-,719,他の保健医療用品・器具,4857,4642,4917,5015,5651
441,3,6,4,-,-,-,保健医療サービス,84915,85989,84875,89633,93565
442,4,6,4,-,-,720,医科診療代,39378,40145,38553,40321,43074
443,4,6,4,-,-,722,歯科診療代,17387,17718,17228,18883,18812
444,4,6,4,-,-,723,出産入院料,684,1079,1043,649,704
445,4,6,4,-,-,721,他の入院料,14685,14105,14692,15462,15922
446,4,6,4,-,-,724,整骨(接骨)・鍼灸院治療代,2249,2678,2583,3018,2871
447,4,6,4,-,-,728,マッサージ料金等(診療外),3039,2825,3022,2945,3256
448,4,6,4,-,-,727,人間ドック等受診料,3577,3387,3890,4313,4348
449,4,6,4,-,-,729,他の保健医療サービス,3915,4054,3863,4043,4578
450,2,7,-,-,-,-,交通・通信,485079,470775,478561,507162,525768
451,3,7,1,-,-,-,交通,68017,64898,65678,66895,73217
452,4,7,1,-,-,730,鉄道運賃,23602,23052,23126,22481,24418
453,4,7,1,-,-,731,鉄道通学定期代,4156,4088,3994,4207,4053
454,4,7,1,-,-,732,鉄道通勤定期代,12323,11260,11850,12857,14086
455,4,7,1,-,-,733,バス代,3850,3609,3404,3500,3424
456,4,7,1,-,-,734,バス通学定期代,898,962,788,975,998
457,4,7,1,-,-,735,バス通勤定期代,1186,1087,1038,1064,1297
458,4,7,1,-,-,736,タクシー代,5141,4809,4775,4618,4797
459,4,7,1,-,-,737,航空運賃,6147,5472,6527,6201,8366
460,4,7,1,-,-,738,有料道路料,9604,9481,9239,9929,10546
461,4,7,1,-,-,739,他の交通,1111,1079,937,1063,1233
462,3,7,2,-,-,-,自動車等関係費,263629,248353,253574,279422,289359
463,4,7,2,1,-,-,自動車等購入,75429,72755,70348,78612,82371
464,5,7,2,1,-,740,自動車購入,74701,71711,69376,77920,80831
465,5,7,2,1,-,742,自動車以外の輸送機器購入,728,1044,971,691,1540
466,4,7,2,2,-,745,自転車購入,3382,3685,3988,3543,4268
467,4,7,2,3,-,-,自動車等維持,184817,171914,179239,197267,202721
468,5,7,2,3,-,750,ガソリン,62203,52569,58135,67322,66293
469,5,7,2,3,-,751,自動車等部品,13209,13352,14054,15744,17601
470,5,7,2,3,-,752,自動車等関連用品,9825,9093,9525,11594,12647
471,5,7,2,3,-,753,自動車整備費,19462,20339,20495,22656,24915
472,5,7,2,3,-,755,自動車以外の輸送機器整備費,931,841,728,729,759
473,5,7,2,3,-,75X,年極・月極駐車場借料,17611,16193,16063,17269,16342
474,5,7,2,3,-,756,他の駐車場借料,2977,3025,3076,3222,3453
475,5,7,2,3,-,75B,レンタカー・カーシェアリング料金,1741,1291,1545,1868,2741
476,5,7,2,3,-,754,他の自動車等関連サービス,8366,8194,7986,9194,9456
477,5,7,2,3,-,757,自動車保険料(自賠責),8487,8339,8263,8708,9169
478,5,7,2,3,-,758,自動車保険料(任意),39602,38344,38993,38584,39041
479,5,7,2,3,-,759,自動車保険料以外の輸送機器保険料,403,333,374,376,304
480,3,7,3,-,-,-,通信,153433,157523,159309,160845,163191
481,4,7,3,-,-,760,郵便料,4671,4277,4274,4589,4281
482,4,7,3,-,-,762,固定電話通信料,29980,27097,24378,21385,21116
483,4,7,3,-,-,763,移動電話通信料,111013,118398,122496,126091,127336
484,4,7,3,-,-,769,運送料,4582,4166,4079,4240,4741
485,4,7,3,-,-,766,移動電話,2291,2412,3028,3443,4628
486,4,7,3,-,-,764,他の通信機器,896,1172,1054,1098,1089
487,2,8,-,-,-,-,教育,131964,135746,132801,141451,137937
488,3,8,1,-,-,-,授業料等,98382,103052,99038,106283,103466
489,4,8,1,-,-,770,国公立小学校,3912,4124,4192,4512,4506
490,4,8,1,-,-,771,私立小学校,852,1291,851,1017,921
491,4,8,1,-,-,772,国公立中学校,4995,4658,4482,5151,4855
492,4,8,1,-,-,773,私立中学校,5352,4272,5057,4443,4700
493,4,8,1,-,-,774,国公立高校,8354,7107,7022,7774,7397
494,4,8,1,-,-,775,私立高校,12958,13186,14459,15122,14374
495,4,8,1,-,-,776,国公立大学,3170,4109,4762,4211,4643
496,4,8,1,-,-,777,私立大学,32516,38558,34122,38105,37282
497,4,8,1,-,-,778,幼児教育費用,21780,19917,20055,21048,20225
498,4,8,1,-,-,779,専修学校,4492,5829,4036,4902,4561
499,3,8,2,-,-,-,教科書・学習参考教材,2658,2539,2264,2173,2672
500,4,8,2,-,-,780,教科書,1300,1231,1078,1027,1225
501,4,8,2,-,-,781,学習参考教材,1358,1308,1186,1146,1447
502,3,8,3,-,-,-,補習教育,30923,30154,31499,32995,31799
503,4,8,3,-,-,790,幼児・小学校補習教育,8528,8633,8529,9176,8717
504,4,8,3,-,-,791,中学校補習教育,13049,13540,12958,13821,13901
505,4,8,3,-,-,792,高校補習教育・予備校,9346,7981,10013,9998,9181
506,2,9,-,-,-,-,教養娯楽,357889,354341,352292,349000,368150
507,3,9,1,-,-,-,教養娯楽用耐久財,20479,20600,20975,20831,24708
508,4,9,1,-,-,801,テレビ,4467,4029,4716,5320,6157
509,4,9,1,-,-,803,携帯型音楽・映像用機器,231,247,134,154,161
510,4,9,1,-,-,813,ビデオレコーダー・プレイヤー,1173,871,1083,1227,1231
511,4,9,1,-,-,810,パーソナルコンピュータ,6706,7848,7709,7435,9503
512,4,9,1,-,-,804,カメラ,1106,982,1343,1004,884
513,4,9,1,-,-,811,ビデオカメラ,481,327,303,200,273
514,4,9,1,-,-,806,楽器,1426,1303,1068,1183,1458
515,4,9,1,-,-,807,書斎・学習用机・椅子,893,836,855,610,748
516,4,9,1,-,-,809,他の教養娯楽用耐久財,2747,3097,2621,2679,3335
517,4,9,1,-,-,812,教養娯楽用耐久財修理代,1248,1060,1143,1019,960
518,3,9,2,-,-,-,教養娯楽用品,81216,79607,79781,81535,85397
519,4,9,2,-,821-829,-,文房具,6883,6643,6685,6537,6902
520,5,9,2,-,821-829,821,筆記・絵画用具,1199,1242,1179,1206,1240
521,5,9,2,-,821-829,826,ノート・紙製品,2915,2793,2766,2675,2820
522,5,9,2,-,821-829,827,他の学習用消耗品,566,592,586,597,625
523,5,9,2,-,821-829,828,他の学習用文房具,1206,1236,1288,1253,1336
524,5,9,2,-,821-829,829,他の文房具,997,779,865,806,881
525,4,9,2,-,832-834,-,運動用具類,16600,15536,15023,16608,17406
526,5,9,2,-,832-834,832,ゴルフ用具,1278,1198,852,1136,1268
527,5,9,2,-,832-834,833,他の運動用具,3303,3325,3051,3739,3809
528,5,9,2,-,832-834,834,スポーツ用品,12020,11012,11120,11733,12329
529,4,9,2,-,835-837,-,玩具,6738,6592,7538,7584,7960
530,5,9,2,-,835-837,836,テレビゲーム機,696,663,1337,1074,980
531,5,9,2,-,835-837,835,ゲームソフト等,1157,1240,1345,1458,1508
532,5,9,2,-,835-837,837,他の玩具,4885,4689,4857,5052,5472
533,4,9,2,-,-,840,切り花,9616,9317,8757,8255,8401
534,4,9,2,-,"842,843,845-849,84A,84Y",-,他の教養娯楽用品,32286,32122,31855,31908,33202
535,5,9,2,-,"842,843,845-849,84A,84Y",846,音楽・映像用未使用メディア,778,722,733,696,708
536,5,9,2,-,"842,843,845-849,84A,84Y",845,音楽・映像収録済メディア,2260,2423,2023,2068,2288
537,5,9,2,-,"842,843,845-849,84A,84Y",848,ペットフード,6938,7143,7007,7485,7705
538,5,9,2,-,"842,843,845-849,84A,84Y",84Y,他の愛玩動物・同用品,3809,3998,4351,4697,5083
539,5,9,2,-,"842,843,845-849,84A,84Y",84A,園芸用植物,4291,4057,4121,3784,3543
540,5,9,2,-,"842,843,845-849,84A,84Y",847,園芸用品,4406,4388,4342,4195,4213
541,5,9,2,-,"842,843,845-849,84A,84Y",843,手芸・工芸材料,896,983,855,776,828
542,5,9,2,-,"842,843,845-849,84A,84Y",849,電池,1667,1757,1749,1913,2085
543,5,9,2,-,"842,843,845-849,84A,84Y",842,他の教養娯楽用品のその他,7241,6651,6675,6293,6750
544,4,9,2,-,-,84X,動物病院代,6322,6638,7125,7250,8089
545,4,9,2,-,-,841,他の愛玩動物関連サービス,2609,2619,2673,3235,3297
546,4,9,2,-,-,844,教養娯楽用品修理代,161,141,124,159,139
547,3,9,3,-,-,-,書籍・他の印刷物,44727,43223,41835,40506,40559
548,4,9,3,-,-,850,新聞,31824,31005,29944,28629,28248
549,4,9,3,-,-,851,雑誌(週刊誌を含む),3395,3351,3150,3033,2964
550,4,9,3,-,-,854,書籍,8120,7557,7478,7527,7807
551,4,9,3,-,-,859,他の印刷物,1387,1310,1263,1317,1540
552,3,9,4,-,-,-,教養娯楽サービス,211467,210912,209701,206128,217485
553,4,9,4,1,-,860,宿泊料,24110,23235,23257,23927,26810
554,4,9,4,2,-,-,パック旅行費,50119,46908,46322,43760,45999
555,5,9,4,2,-,861,国内パック旅行費,34952,33535,31041,28726,30082
556,5,9,4,2,-,862,外国パック旅行費,15167,13372,15281,15034,15917
557,4,9,4,3,-,-,月謝類,37036,35557,35805,35272,36280
558,5,9,4,3,-,875,語学月謝,3839,3847,3994,4022,4075
559,5,9,4,3,-,870,他の教育的月謝,2972,3007,2872,2523,2844
560,5,9,4,3,-,876,音楽月謝,6268,6224,6364,5967,5343
561,5,9,4,3,-,871,他の教養的月謝,4128,3904,3848,3693,3067
562,5,9,4,3,-,872,スポーツ月謝,11830,11399,12056,12545,12567
563,5,9,4,3,-,873,自動車教習料,3952,3140,2658,2475,3340
564,5,9,4,3,-,874,家事月謝,563,693,476,514,485
565,5,9,4,3,-,879,他の月謝類,3482,3343,3538,3532,4559
566,4,9,4,4,-,-,他の教養娯楽サービス,100201,105213,104318,103170,108397
567,5,9,4,4,"880,88A,88B",-,放送受信料,27153,27808,28171,27925,27989
568,6,9,4,4,"880,88A,88B",88A,NHK放送受信料,14074,14370,14442,14348,14479
569,6,9,4,4,"880,88A,88B",88B,ケーブルテレビ放送受信料,11204,11270,11595,11363,11465
570,6,9,4,4,"880,88A,88B",880,他の放送受信料,1876,2167,2134,2213,2045
571,5,9,4,4,"877,878,881-886",-,入場・観覧・ゲーム代,31439,33664,32227,32070,35840
572,6,9,4,4,"877,878,881-886",882,映画・演劇等入場料,5974,6604,6447,6336,7026
573,6,9,4,4,"877,878,881-886",883,スポーツ観覧料,658,841,743,842,1126
574,6,9,4,4,"877,878,881-886",877,ゴルフプレー料金,8678,9855,8137,7758,9340
575,6,9,4,4,"877,878,881-886",878,スポーツクラブ使用料,4361,4722,5294,5169,5876
576,6,9,4,4,"877,878,881-886",881,他のスポーツ施設使用料,2453,2537,2272,2460,2377
577,6,9,4,4,"877,878,881-886",884,文化施設入場料,2307,2285,2372,2320,2417
578,6,9,4,4,"877,878,881-886",886,遊園地入場・乗物代,2575,2504,2835,2783,3137
579,6,9,4,4,"877,878,881-886",885,他の入場・ゲーム代,4434,4317,4127,4402,4541
580,5,9,4,4,-,888,諸会費,4044,3868,3476,3295,3360
581,5,9,4,4,-,887,写真撮影・プリント代,3547,3515,3487,3373,3647
582,5,9,4,4,-,88X,教養娯楽賃借料,1251,1161,1210,1150,1162
583,5,9,4,4,-,88Y,インターネット接続料,25282,26383,27876,27516,28094
584,5,9,4,4,-,889,他の教養娯楽サービスのその他,7485,8815,7872,7841,8305
585,2,10,-,-,-,-,その他の消費支出,615348,602341,605970,601043,610115
586,3,10,1,-,-,-,諸雑費,280309,280739,285454,283600,289712
587,4,10,1,1,-,-,理美容サービス,36647,36450,36137,35667,37589
588,5,10,1,1,-,890,温泉・銭湯入浴料,2255,1981,1979,1795,1839
589,5,10,1,1,-,891,理髪料,5207,5112,4917,4936,5139
590,5,10,1,1,-,892,パーマネント代,4500,4233,3846,3595,3345
591,5,10,1,1,-,894,カット代,6115,6211,6097,6177,6208
592,5,10,1,1,-,899,他の理美容代,18571,18914,19297,19163,21058
593,4,10,1,2,-,-,理美容用品,50897,51365,52041,53248,56755
594,5,10,1,2,-,900,理美容用電気器具,1529,1603,1728,1616,1786
595,5,10,1,2,-,901,歯ブラシ,1562,1625,1641,1774,1835
596,5,10,1,2,-,903,他の理美容用品,2126,2292,2513,2117,2301
597,5,10,1,2,904-915,-,石けん類・化粧品,45680,45846,46160,47740,50834
598,6,10,1,2,904-915,904,浴用・洗顔石けん,5186,5253,5399,5773,6127
599,6,10,1,2,904-915,905,シャンプー,3394,3478,3385,3491,3596
600,6,10,1,2,904-915,908,ヘアリンス・ヘアトリートメント,2405,2426,2325,2388,2521
601,6,10,1,2,904-915,906,歯磨き,2735,2822,2994,3065,3319
602,6,10,1,2,904-915,907,整髪・養毛剤,2222,2103,2214,2144,2350
603,6,10,1,2,904-915,909,化粧クリーム,5324,4989,4994,5117,5091
604,6,10,1,2,904-915,910,化粧水,4356,4373,4226,4148,4273
605,6,10,1,2,904-915,914,乳液,1678,1680,1679,1625,1708
606,6,10,1,2,904-915,911,ファンデーション,2439,2459,2447,2466,2775
607,6,10,1,2,904-915,912,口紅,943,972,972,1053,1062
608,6,10,1,2,904-915,915,ヘアカラーリング剤,1590,1598,1599,1618,1666
609,6,10,1,2,904-915,913,他の化粧品,13409,13694,13924,14853,16348
610,4,10,1,3,-,-,身の回り用品,23654,22028,22758,21498,23721
611,5,10,1,3,-,920,傘,1089,1016,979,952,1039
612,5,10,1,3,924-927,-,かばん類,10561,9291,9862,9141,9385
613,6,10,1,3,924-927,924,ハンドバッグ,5157,4849,5093,4515,4507
614,6,10,1,3,924-927,925,通学用かばん,1611,1159,1166,1122,1224
615,6,10,1,3,924-927,926,旅行用かばん,1012,740,982,933,860
616,6,10,1,3,924-927,927,他のバッグ,2782,2544,2621,2571,2795
617,5,10,1,3,-,928,装身具,3893,4572,4218,3878,4801
618,5,10,1,3,-,930,腕時計,2694,1644,2164,1835,2547
619,5,10,1,3,-,932,他の身の回り用品,4758,4816,4900,5126,5376
620,5,10,1,3,-,935,身の回り用品関連サービス,659,687,635,567,573
621,4,10,1,4,-,940,たばこ,11836,11701,10197,10855,11883
622,4,10,1,5,-,-,他の諸雑費,157275,159195,164322,162332,159764
623,5,10,1,5,-,950,信仰・祭祀費,14389,14355,13513,11921,14476
624,5,10,1,5,-,955,祭具・墓石,4840,3803,3096,3968,3940
625,5,10,1,5,-,956,婚礼関係費,4688,1256,3180,3758,1506
626,5,10,1,5,-,957,葬儀関係費,16511,14205,17993,17278,11895
627,5,10,1,5,-,958,他の冠婚葬祭費,2687,2588,3081,2612,2534
628,5,10,1,5,-,95X,医療保険料,19730,20766,22291,21431,21611
629,5,10,1,5,-,952,他の非貯蓄型保険料,69289,72830,71545,70019,70895
630,5,10,1,5,-,953,寄付金,3403,4953,4310,4506,5140
631,5,10,1,5,-,954,保育費用,7087,7611,8139,8637,9036
632,5,10,1,5,-,951,介護サービス,5975,6699,7281,6502,6817
633,5,10,1,5,-,959,他の諸雑費のその他,8677,10129,9893,11700,11911
634,3,10,2,-,-,-,こづかい(使途不明),116845,109730,107908,106188,111665
635,4,10,2,-,-,960,世帯主こづかい,89830,84568,81992,85250,90967
636,4,10,2,-,-,961,他のこづかい,27015,25162,25916,20938,20698
637,3,10,3,-,-,-,交際費,151026,144289,144958,141499,142851
638,4,10,3,6,-,-,贈与金,118084,112017,112152,101879,102003
639,4,10,3,7,-,-,他の交際費,32942,32273,32806,39621,40849
640,5,10,3,7,-,971,つきあい費,6925,6093,5861,6398,6705
641,5,10,3,7,-,973,住宅関係負担費,14009,14375,15375,21094,21752
642,5,10,3,7,-,972,他の負担費,12008,11805,11570,12129,12392
643,3,10,4,-,-,-,仕送り金,67168,67583,67650,69756,65887
644,4,10,4,-,-,980,国内遊学仕送り金,48092,48079,49321,51387,48655
645,4,10,4,-,-,981,他の仕送り金,19077,19504,18329,18369,17232
646,-,-,-,-,-,-,財・サービス支出計,3113443,3064654,3075814,3130339,3200144
647,-,-,-,-,-,-,財(商品),1797711,1762906,1768087,1802236,1842839
648,-,-,-,-,-,-,耐久財,195686,193670,190876,202331,218808
649,-,-,-,-,-,-,半耐久財,272433,260614,262662,266411,273837
650,-,-,-,-,-,-,非耐久財,1329593,1308623,1314549,1333494,1350194
651,-,-,-,-,-,-,サービス,1315732,1301748,1307727,1328103,1357305
652,-,-,-,-,-,-,食料(財・サービス),937712,947618,946438,952170,965536
653,-,-,-,-,-,-,非耐久財(食料),768086,779550,777792,780600,788620
654,-,-,-,-,-,-,サービス(食料),169626,168067,168646,171571,176917
655,-,-,-,-,-,-,住居(財・サービス),215278,200182,198771,203041,205235
656,-,-,-,-,-,-,耐久財(住居),27309,30329,26806,27343,28047
657,-,-,-,-,-,-,半耐久財(住居),4255,3922,4169,4570,5075
658,-,-,-,-,-,-,サービス(住居),183714,165931,167796,171128,172112
659,-,-,-,-,-,-,家具・家事用品(財・サービス),128729,127355,129948,133127,140598
660,-,-,-,-,-,-,耐久財(家具・家事用品),48811,47094,48979,50849,54926
661,-,-,-,-,-,-,半耐久財(家具・家事用品),38361,37040,37308,38158,38829
662,-,-,-,-,-,-,非耐久財(家具・家事用品),31624,33192,33535,34266,36593
663,-,-,-,-,-,-,サービス(家具・家事用品),9932,10028,10125,9854,10250
664,-,-,-,-,-,-,被服及び履物(財・サービス),144985,138068,137673,136613,135677
665,-,-,-,-,-,-,半耐久財(被服及び履物),136139,129178,129119,128167,127307
666,-,-,-,-,-,-,サービス(被服及び履物),8846,8890,8554,8446,8369
667,-,-,-,-,-,-,保健医療(財・サービス),153126,155705,155449,159937,168124
668,-,-,-,-,-,-,耐久財(保健医療),9273,9633,9853,10213,11458
669,-,-,-,-,-,-,半耐久財(保健医療),4857,4642,4917,5015,5651
670,-,-,-,-,-,-,非耐久財(保健医療),54082,55440,55804,55077,57449
671,-,-,-,-,-,-,サービス(保健医療),84915,85989,84875,89633,93565
672,-,-,-,-,-,-,交通・通信(財・サービス),485079,470775,478561,507162,525768
673,-,-,-,-,-,-,耐久財(交通・通信),81998,80024,78417,86695,92356
674,-,-,-,-,-,-,半耐久財(交通・通信),23034,22445,23580,27339,30249
675,-,-,-,-,-,-,非耐久財(交通・通信),62203,52569,58135,67322,66293
676,-,-,-,-,-,-,サービス(交通・通信),317843,315737,318429,325806,336870
677,-,-,-,-,-,-,教育(財・サービス),131964,135746,132801,141451,137937
678,-,-,-,-,-,-,非耐久財(教育),2658,2539,2264,2173,2672
679,-,-,-,-,-,-,サービス(教育),129305,133206,130537,139278,135265
680,-,-,-,-,-,-,教養娯楽(財・サービス),357889,354341,352292,349000,368150
681,-,-,-,-,-,-,耐久財(教養娯楽),19230,19540,19832,19812,23748
682,-,-,-,-,-,-,半耐久財(教養娯楽),43360,41398,41097,41948,43823
683,-,-,-,-,-,-,非耐久財(教養娯楽),73489,72033,70595,69450,70607
684,-,-,-,-,-,-,サービス(教養娯楽),221809,221369,220767,217790,229971
685,-,-,-,-,-,-,諸雑費(財・サービス),280309,280739,285454,283600,289712
686,-,-,-,-,-,-,耐久財(諸雑費),9064,7049,6988,7419,8273
687,-,-,-,-,-,-,半耐久財(諸雑費),22426,21988,22472,21214,22902
688,-,-,-,-,-,-,非耐久財(諸雑費),59078,59171,57997,60369,64552
689,-,-,-,-,-,-,サービス(諸雑費),189742,192530,197997,194598,193986
690,-,-,-,-,-,-,調整集計世帯数,683805,677432,674034,671408,662947
691,-,-,-,-,-,-,教養娯楽関係費,389815,384734,383828,380195,402477
692,-,-,-,-,-,-,耐久財(教養娯楽関係費),20457,20750,20810,20506,24545
693,-,-,-,-,-,-,他の教養娯楽関係費,369358,363984,363017,359689,377931
694,-,-,-,-,-,-,読書,44727,43223,41835,40506,40559
695,-,-,-,-,-,-,聴視・観覧,35434,36696,36990,36581,37432
696,-,-,-,-,-,-,旅行,108840,103015,103618,100801,109876
697,-,-,-,-,-,-,スポーツ,32750,33490,31468,32838,36125
698,-,-,-,-,-,-,月謝,33084,32416,33148,32797,32940
699,-,-,-,-,-,-,会費・つきあい費,10969,9961,9337,9693,10065
700,-,-,-,-,-,-,その他の教養娯楽,103555,105182,106622,106473,110934
701,-,-,-,-,-,-,消費支出(再掲),3448482,3386257,3396330,3447782,3520547
702,-,-,-,-,-,-,基礎的支出,2012797,1965938,1969461,1980327,2002085
703,-,-,-,-,-,-,選択的支出,1435685,1420319,1426868,1467455,1518463
